﻿[
    {
        "Id" : "1",
        "BookCode": "15",
        "Name": "Simply south",
        "Date": "Mon Sep 16 2013 15:10:54",
        "PageNo" : 1
    },
    {
        "Id" : "2",
        "BookCode": "1",
        "Name": "Simply south",
        "Date": "Mon Sep 16 2013 15:10:54",
        "PageNo" : 3
    },
    {
        "Id" : "3",
        "BookCode": "11",
        "Name": "Simply south",
        "Date": "Mon Sep 16 2013 15:10:54",
        "PageNo" : 4
    },
    {
        "Id" : "11",
        "BookCode": "18",
        "Name": "Simply south",
        "Date": "Mon Sep 16 2013 15:10:54",
        "PageNo" : 5
    },
    {
        "Id" : "1",
        "BookCode": "51",
        "Name": "Simply south",
        "Date": "Mon Sep 16 2013 15:10:54",
        "PageNo" : 11
    },
    {
        "Id" : "1",
        "BookCode": "21",
        "CATALOGCODE": "1",
        "Name": "Simply south",
        "Date": "Mon Sep 16 2013 15:10:54",
        "PageNo" : 1
    },
    {
        "Id" : "5",
        "BookCode": "81",
        "Name": "Simply south",
        "Date": "Mon Sep 16 2013 15:10:54",
        "PageNo" : 7
    }
]