﻿[
    {
        "Id": "1",
        "CatalogCode": "1",
        "Name": "Romance",
        "Count": "3"
    },
    {
        "Id": "2",
        "CatalogCode": "2",
        "Name": "Suspense & Thriller",
        "Count": "4"
    },
    {
        "Id": "3",
        "CatalogCode": "3",
        "Name": "Classics",
        "Count": "5"
    },
    {
        "Id": "4",
        "CatalogCode": "4",
        "Name": "Fantasy",
        "Count": "6"
    },
    {
        "Id": "5",
        "CatalogCode": "5",
        "Name": "Action & Adventure",
        "Count": "4"
    },
    {
        "Id": "6",
        "CatalogCode": "6",
        "Name": "Biographical",
        "Count": "3"
    },
    {
        "Id": "7",
        "CatalogCode": "7",
        "Name": "Drama",
        "Count": "8"
    },
    {
        "Id": "8",
        "CatalogCode": "8",
        "Name": "Religious",
        "Count": "1"
    },
    {
        "Id": "9",
        "CatalogCode": "9",
        "Name": "Science Fiction",
        "Count": "2"
    },
    {
        "Id": "10",
        "CatalogCode": "10",
        "Name": "Short Stories",
        "Count": "3"
    },
    {
        "Id": "11",
        "CatalogCode": "11",
        "Name": "Mills and Boon",
        "Count": "3"
    },
    {
        "Id": "12",
        "CatalogCode": "12",
        "Name": "Crime",
        "Count": "4"
    },
    {
        "Id": "13",
        "CatalogCode": "13",
        "Name": "Cultural Heritage",
        "Count": "1"
    },
    {
        "Id": "14",
        "CatalogCode": "14",
        "Name": "Horror",
        "Count": "4"
    },
    {
        "Id": "15",
        "CatalogCode": "15",
        "Name": "Urban Life",
        "Count": "1"
    }
]