﻿[
    {
        "Id" : "1",
        "MusicCode": "15",
        "Name": "Nirvanastakam",
        "url" : "http://www.anandamayi.org/mmedia/nirvanasatkam.mp3"
    },
    {
        "Id" : "2",
        "MusicCode": "1",
        "Name": "Mata Tumi, Pita Tumi",
        "url" : "http://www.anandamayi.org/mmedia/Pushpa1.mp3"
    },
    {
        "Id" : "3",
        "MusicCode": "11",
        "Name": "Ma's Voice",
        "url" : "http://www.anandamayi.org/mmedia/mp/Mavoice.mp3"
    },
    {
        "Id" : "11",
        "MusicCode": "18",
        "Name": "Satyam Jnanam Anantam Brahma",
        "url" : "http://www.anandamayi.org/mmedia/mp/Masatyam.mp3"
    },
    {

        "Id" : "12",
        "MusicCode": "6",
        "Name": "Krishna Kaneya",
        "url" : "http://www.anandamayi.org/mmedia/mp/Makaneya.mp3"
    }
]