﻿[
    {
        "Id" : "1",
        "VideoCode": "15",
        "Name": "Ma Anandamayi 1959 v2",
        "imgUrl": "http://i1.ytimg.com/vi/qhjDGqtLN3s/mqdefault.jpg",
        "Url" : "http://www.youtube.com/embed/qhjDGqtLN3s"
    },
    {
        "Id" : "2",
        "VideoCode": "1",
        "Name": "Sri Ma by Chloe Goodchild",
        "imgUrl": "http://i1.ytimg.com/vi/bwSAbVhiuaI/mqdefault.jpg",
        "Url" : "http://www.youtube.com/embed/bwSAbVhiuaI"
    },
    {
        "Id" : "2",
        "VideoCode": "1",
        "Name": "Guru Ganesh Singh - Snatam Kaur - Ma - Anandamayi Ma",
        "imgUrl": "http://i1.ytimg.com/vi/KIRBZr8SK8g/mqdefault.jpg",
        "Url" : "http://www.youtube.com/embed/KIRBZr8SK8g"
    },
    {
        "Id" : "2",
        "VideoCode": "1",
        "Name": "Krishna Das - Ma Durga - Anandamayi Ma",
        "imgUrl": "http://i1.ytimg.com/vi/i26pGuvERHc/mqdefault.jpg",
        "Url" : "http://www.youtube.com/embed/i26pGuvERHc"
    },
    {
        "Id" : "2",
        "VideoCode": "1",
        "Name": "Sri Anandamayi Ma Hari, Hari: Her Words (1896-1982)",
        "imgUrl": "http://i1.ytimg.com/vi/bpQ6NKiby-o/mqdefault.jpg",
        "Url" : "http://www.youtube.com/embed/bpQ6NKiby-o"
    }
]